City_ID,City,Country,Date,Lat,Lng,Max Temp,Humidity,Cloudiness,Wind Speed,Current Description
0,New Norfolk,AU,2021-08-13 18:27:01,-42.78,147.06,45.72,70,60,1.01,broken clouds
1,Tura,IN,2021-08-13 18:27:45,25.52,90.22,75.02,98,100,4.79,overcast clouds
2,Muli,MV,2021-08-13 18:27:45,2.92,73.57,83.05,70,75,17.47,broken clouds
3,Vaini,TO,2021-08-13 18:27:45,-21.2,-175.2,64.56,94,75,4.61,broken clouds
4,Marienburg,PL,2021-08-13 18:27:46,54.04,19.03,75.88,55,73,9.06,broken clouds
5,Dikson,RU,2021-08-13 18:27:46,73.51,80.55,44.1,100,100,2.68,overcast clouds
6,Thompson,CA,2021-08-13 18:27:46,55.74,-97.86,62.76,48,75,17.27,broken clouds
7,Emerald,AU,2021-08-13 18:27:47,-23.53,148.17,57.34,88,5,6.91,clear sky
8,Ushuaia,AR,2021-08-13 18:25:14,-54.8,-68.3,37.06,93,75,12.66,drizzle
9,Jamestown,US,2021-08-13 18:27:47,42.1,-79.24,83.08,85,75,7.0,light rain
10,Severo-Kurilsk,RU,2021-08-13 18:27:47,50.68,156.12,52.72,92,7,7.56,clear sky
11,Kodiak,US,2021-08-13 18:23:40,57.79,-152.41,56.71,54,1,12.66,clear sky
12,Ishigaki,JP,2021-08-13 18:27:48,24.34,124.16,82.27,84,87,21.23,overcast clouds
13,Kapaa,US,2021-08-13 18:27:48,22.08,-159.32,80.92,76,40,3.0,light rain
14,Svetlogorsk,BY,2021-08-13 18:27:48,52.63,29.73,62.71,63,22,6.04,few clouds
15,Marsabit,KE,2021-08-13 18:27:48,2.33,37.99,74.57,41,49,18.81,scattered clouds
16,Pokosnoye,RU,2021-08-13 18:27:49,55.53,101.05,57.0,95,15,3.38,few clouds
17,Havre-Saint-Pierre,CA,2021-08-13 18:27:33,50.23,-63.6,75.56,78,75,8.05,broken clouds
18,Hovd,MN,2021-08-13 18:27:49,48.01,91.64,63.32,56,93,5.01,overcast clouds
19,Salinas,US,2021-08-13 18:27:49,36.68,-121.66,86.2,65,1,8.05,clear sky
20,Albany,US,2021-08-13 18:27:09,42.6,-73.97,91.76,60,54,4.0,broken clouds
21,Iqaluit,CA,2021-08-13 18:27:50,63.75,-68.51,42.53,100,75,11.5,fog
22,Noumea,NC,2021-08-13 18:27:50,-22.28,166.46,62.58,75,69,10.22,broken clouds
23,Husavik,IS,2021-08-13 18:27:50,66.04,-17.34,55.31,77,77,4.85,broken clouds
24,Wanning,CN,2021-08-13 18:27:51,18.8,110.4,82.06,84,99,11.99,light rain
25,Khatanga,RU,2021-08-13 18:24:13,71.97,102.5,50.7,80,100,9.1,overcast clouds
26,Tukuran,PH,2021-08-13 18:27:51,7.86,123.58,76.44,93,99,1.12,moderate rain
27,Los Llanos De Aridane,ES,2021-08-13 18:27:51,28.66,-17.92,72.12,83,40,13.8,scattered clouds
28,Rikitea,PF,2021-08-13 18:27:51,-23.12,-134.97,73.9,79,17,6.71,few clouds
29,Kaitangata,NZ,2021-08-13 18:27:52,-46.28,169.85,42.51,82,46,8.95,moderate rain
30,Balsas,BR,2021-08-13 18:27:52,-7.53,-46.04,100.22,18,14,6.06,few clouds
31,Raudeberg,NO,2021-08-13 18:27:52,61.99,5.14,62.2,80,99,4.85,light rain
32,Bluff,NZ,2021-08-13 18:27:53,-46.6,168.33,42.8,85,72,28.34,broken clouds
33,Barrow,US,2021-08-13 18:27:53,71.29,-156.79,37.42,87,90,11.5,overcast clouds
34,Jalu,LY,2021-08-13 18:27:53,29.03,21.55,95.85,23,0,15.14,clear sky
35,Butaritari,KI,2021-08-13 18:27:53,3.07,172.79,81.72,76,35,9.73,light rain
36,Saldanha,ZA,2021-08-13 18:27:54,-33.01,17.94,51.85,66,0,10.6,clear sky
37,Hasanabad,IR,2021-08-13 18:27:54,36.55,61.05,89.82,20,0,4.61,clear sky
38,Atuona,PF,2021-08-13 18:27:54,-9.8,-139.03,77.22,77,7,18.45,clear sky
39,Qaanaaq,GL,2021-08-13 18:27:54,77.48,-69.36,43.09,57,1,5.82,clear sky
40,Pampas,PE,2021-08-13 18:27:55,-12.4,-74.9,61.9,46,64,7.87,broken clouds
41,Bentiu,SS,2021-08-13 18:27:55,9.23,29.83,75.49,85,91,4.23,overcast clouds
42,Komsomolskiy,UZ,2021-08-13 18:27:45,40.43,71.72,83.12,21,52,23.02,broken clouds
43,Busselton,AU,2021-08-13 18:26:26,-33.65,115.33,48.04,85,64,2.82,broken clouds
44,Saint-Joseph,RE,2021-08-13 18:27:55,-21.37,55.62,70.16,78,21,4.27,few clouds
45,Sur,OM,2021-08-13 18:27:56,22.57,59.53,87.55,59,100,13.09,overcast clouds
46,Nome,US,2021-08-13 18:27:56,64.5,-165.41,42.87,70,90,5.75,overcast clouds
47,Sept-Iles,CA,2021-08-13 18:23:48,50.2,-66.38,73.26,84,20,5.01,few clouds
48,Cherskiy,RU,2021-08-13 18:27:01,68.75,161.3,51.62,94,93,8.41,light rain
49,Tiksi,RU,2021-08-13 18:27:56,71.69,128.87,43.38,77,100,5.19,overcast clouds
50,Longyearbyen,SJ,2021-08-13 18:27:56,78.22,15.64,44.44,65,75,11.5,broken clouds
51,Cabo San Lucas,MX,2021-08-13 18:27:57,22.89,-109.91,91.51,71,40,4.0,scattered clouds
52,Airai,TL,2021-08-13 18:27:57,-8.93,125.41,56.03,54,6,3.44,clear sky
53,Qinggang,CN,2021-08-13 18:27:57,46.68,126.08,58.23,94,84,6.35,broken clouds
54,Saint George,US,2021-08-13 18:26:37,37.1,-113.58,99.54,31,1,1.01,clear sky
55,Bontang,ID,2021-08-13 18:27:58,0.13,117.5,75.7,88,99,4.56,overcast clouds
56,Tuktoyaktuk,CA,2021-08-13 18:27:58,69.45,-133.04,42.8,75,90,11.5,light rain
57,Yellowknife,CA,2021-08-13 18:24:04,62.46,-114.35,64.92,68,75,12.66,broken clouds
58,Port Hardy,CA,2021-08-13 18:27:58,50.7,-127.42,66.38,77,20,3.44,few clouds
59,Cobija,BO,2021-08-13 18:27:59,-11.03,-68.77,82.58,44,0,8.05,clear sky
60,Hobart,AU,2021-08-13 18:27:59,-42.88,147.33,46.06,73,44,5.01,scattered clouds
61,Nhulunbuy,AU,2021-08-13 18:27:59,-12.23,136.77,75.81,83,75,8.05,broken clouds
62,Castro,BR,2021-08-13 18:27:59,-24.79,-50.01,50.38,98,100,5.97,overcast clouds
63,Rio Grande,BR,2021-08-13 18:28:00,-32.03,-52.1,62.71,71,94,11.86,overcast clouds
64,Naze,JP,2021-08-13 18:28:00,28.37,129.48,78.06,87,69,19.13,broken clouds
65,Port Alfred,ZA,2021-08-13 18:26:17,-33.59,26.89,57.06,61,58,9.55,broken clouds
66,Togur,RU,2021-08-13 18:28:00,58.36,82.83,50.11,79,56,7.02,broken clouds
67,Aswan,EG,2021-08-13 18:27:49,24.09,32.91,97.0,13,3,9.33,clear sky
68,Namibe,AO,2021-08-13 18:26:53,-15.2,12.15,63.0,86,32,7.23,scattered clouds
69,Yerbogachen,RU,2021-08-13 18:28:01,61.28,108.01,61.3,87,100,4.43,overcast clouds
70,Nuuk,GL,2021-08-13 18:28:01,64.18,-51.72,65.01,39,90,34.52,sand
71,Laguna,US,2021-08-13 18:24:22,38.42,-121.42,99.64,51,1,3.44,haze
72,Guerrero Negro,MX,2021-08-13 18:27:21,27.98,-114.06,83.37,63,2,9.89,clear sky
73,Katsuura,JP,2021-08-13 18:28:01,35.13,140.3,78.91,91,100,27.18,moderate rain
74,Itigi,TZ,2021-08-13 18:28:02,-5.7,34.48,71.15,44,70,5.08,broken clouds
75,Pisco,PE,2021-08-13 18:26:36,-13.7,-76.22,66.02,77,1,12.66,clear sky
76,Atasu,KZ,2021-08-13 18:28:02,48.68,71.64,53.92,66,24,5.79,few clouds
77,Mar Del Plata,AR,2021-08-13 18:28:02,-38.0,-57.56,53.62,54,0,10.36,clear sky
78,Gualaquiza,EC,2021-08-13 18:25:01,-3.4,-78.55,74.75,64,90,2.08,light rain
79,Adrar,MR,2021-08-13 18:28:03,20.5,-10.07,108.34,9,29,14.45,scattered clouds
80,Yar-Sale,RU,2021-08-13 18:28:03,66.83,70.83,58.37,93,100,2.91,overcast clouds
81,Morehead,US,2021-08-13 18:28:03,37.27,-87.18,89.11,67,40,1.01,scattered clouds
82,Vardo,NO,2021-08-13 18:28:04,70.37,31.11,53.8,100,75,0.0,fog
83,Lagoa,PT,2021-08-13 18:28:04,39.05,-27.98,73.94,77,43,2.44,scattered clouds
84,Ponferrada,ES,2021-08-13 18:28:04,42.55,-6.6,92.82,35,0,4.0,clear sky
85,Fortuna,US,2021-08-13 18:28:04,40.6,-124.16,66.97,81,1,11.5,clear sky
86,Oranjemund,NA,2021-08-13 18:28:05,-28.55,16.43,56.26,65,0,17.4,clear sky
87,Prince Rupert,CA,2021-08-13 18:28:05,54.32,-130.32,68.09,84,1,2.3,clear sky
88,Punta Arenas,CL,2021-08-13 18:28:05,-53.15,-70.92,51.91,62,40,29.93,light rain
89,Lebu,CL,2021-08-13 18:26:40,-37.62,-73.65,52.3,69,0,6.02,clear sky
90,Broome,US,2021-08-13 18:28:06,42.25,-75.83,92.08,61,75,3.0,broken clouds
91,Safford,US,2021-08-13 18:28:06,32.83,-109.71,88.72,48,1,9.22,clear sky
92,Grobina,LV,2021-08-13 18:28:06,56.54,21.17,69.66,77,90,4.61,overcast clouds
93,Ugoofaaru,MV,2021-08-13 18:28:06,5.67,73.0,82.72,73,100,15.23,overcast clouds
94,Hermanus,ZA,2021-08-13 18:28:07,-34.42,19.23,50.81,77,4,14.85,clear sky
95,Belle Fourche,US,2021-08-13 18:28:07,44.67,-103.85,82.89,19,45,8.05,scattered clouds
96,Torbay,CA,2021-08-13 18:28:07,47.67,-52.73,71.28,86,75,17.27,broken clouds
97,Sitka,US,2021-08-13 18:27:41,57.05,-135.33,62.49,82,90,21.85,heavy intensity rain
98,Mahebourg,MU,2021-08-13 18:28:07,-20.41,57.7,68.25,88,20,6.91,few clouds
99,Port Hedland,AU,2021-08-13 18:28:08,-20.32,118.57,60.85,44,0,9.22,clear sky
100,East London,ZA,2021-08-13 18:26:33,-33.02,27.91,50.94,93,20,6.91,few clouds
101,Lompoc,US,2021-08-13 18:26:24,34.64,-120.46,89.22,58,1,3.44,clear sky
102,Totness,SR,2021-08-13 18:28:08,5.88,-56.32,83.1,71,80,7.99,broken clouds
103,Avarua,CK,2021-08-13 18:24:53,-21.21,-159.78,68.05,94,90,3.44,light intensity drizzle
104,Bambous Virieux,MU,2021-08-13 18:28:08,-20.34,57.76,68.22,88,20,6.91,few clouds
105,Port Elizabeth,ZA,2021-08-13 18:28:09,-33.92,25.57,50.29,66,20,3.44,few clouds
106,Faanui,PF,2021-08-13 18:28:09,-16.48,-151.75,78.48,69,65,10.63,broken clouds
107,Ribeira Grande,PT,2021-08-13 18:28:09,38.52,-28.7,75.6,88,75,11.5,broken clouds
108,Maracacume,BR,2021-08-13 18:28:10,-2.04,-45.96,81.07,85,49,6.78,scattered clouds
109,Kamenka,RU,2021-08-13 18:26:25,51.32,42.77,65.21,91,100,12.62,overcast clouds
110,Chokurdakh,RU,2021-08-13 18:26:28,70.63,147.92,43.57,77,77,20.02,broken clouds
111,Am Timan,TD,2021-08-13 18:28:10,11.03,20.28,74.48,90,94,5.53,moderate rain
112,Leningradskiy,RU,2021-08-13 18:28:10,69.38,178.42,40.44,96,100,2.95,overcast clouds
113,Tuatapere,NZ,2021-08-13 18:28:10,-46.13,167.68,42.82,84,84,17.9,broken clouds
114,Hilo,US,2021-08-13 18:26:16,19.73,-155.09,76.12,83,40,5.75,light rain
115,San Rafael,AR,2021-08-13 18:28:11,-34.62,-68.33,63.52,23,0,9.51,clear sky
116,Cape Town,ZA,2021-08-13 18:27:06,-33.93,18.42,54.88,66,0,3.0,clear sky
117,Auki,SB,2021-08-13 18:28:11,-8.77,160.7,75.85,89,84,4.79,broken clouds
118,Ayagoz,KZ,2021-08-13 18:27:41,47.97,80.44,57.72,78,91,14.72,overcast clouds
119,Hithadhoo,MV,2021-08-13 18:28:11,-0.6,73.08,82.53,73,88,13.29,overcast clouds
120,Ponta Delgada,PT,2021-08-13 18:28:12,37.73,-25.67,77.72,78,20,11.5,few clouds
121,Yulara,AU,2021-08-13 18:28:12,-25.24,130.99,49.84,34,0,6.91,clear sky
122,Bethel,US,2021-08-13 18:28:12,41.37,-73.41,95.81,58,20,1.99,few clouds
123,Thurso,GB,2021-08-13 18:28:13,58.59,-3.53,57.45,81,99,12.35,light rain
124,Tateyama,JP,2021-08-13 18:28:13,34.98,139.87,78.82,89,100,30.38,light rain
125,Bredasdorp,ZA,2021-08-13 18:28:13,-34.53,20.04,50.29,81,5,5.75,clear sky
126,Bilma,NE,2021-08-13 18:28:13,18.69,12.92,99.81,17,1,0.83,clear sky
127,Cape Canaveral,US,2021-08-13 18:28:14,28.41,-80.6,91.65,81,20,13.8,thunderstorm
128,Upernavik,GL,2021-08-13 18:28:14,72.79,-56.15,43.57,92,100,9.01,light rain
129,Mataura,NZ,2021-08-13 18:28:14,-46.19,168.86,42.48,97,52,11.43,light rain
130,Souillac,MU,2021-08-13 18:28:14,-20.52,57.52,68.36,88,20,6.91,few clouds
131,Mafeteng,LS,2021-08-13 18:28:15,-29.82,27.24,41.74,79,98,9.93,moderate rain
132,Azuaga,ES,2021-08-13 18:28:15,38.27,-5.68,101.97,19,61,9.93,broken clouds
133,Stepnyak,KZ,2021-08-13 18:28:15,52.83,70.78,52.88,70,80,6.96,broken clouds
134,Porto Novo,BJ,2021-08-13 18:28:16,6.5,2.6,78.62,78,99,8.32,overcast clouds
135,Lagunas,PE,2021-08-13 18:28:16,-5.23,-75.68,86.02,61,91,1.57,overcast clouds
136,Fairview,US,2021-08-13 18:24:07,40.81,-74.0,98.55,42,1,4.61,clear sky
137,Talnakh,RU,2021-08-13 18:27:08,69.49,88.4,54.63,76,100,6.22,overcast clouds
138,Jutai,BR,2021-08-13 18:28:16,-5.18,-68.9,97.47,27,48,3.58,scattered clouds
139,Faya,SA,2021-08-13 18:27:16,18.39,42.45,71.71,49,84,3.96,broken clouds
140,Carnarvon,AU,2021-08-13 18:28:17,-24.87,113.63,51.87,65,0,9.22,clear sky
141,Pudozh,RU,2021-08-13 18:28:17,61.81,36.53,56.05,92,96,11.25,overcast clouds
142,Lokoja,NG,2021-08-13 18:28:17,7.8,6.74,75.56,92,71,3.2,moderate rain
143,Arraial Do Cabo,BR,2021-08-13 18:28:17,-22.97,-42.03,67.86,83,75,13.8,light intensity drizzle
144,Puerto Ayora,EC,2021-08-13 18:28:18,-0.74,-90.35,76.96,71,89,12.21,overcast clouds
145,Touros,BR,2021-08-13 18:28:18,-5.2,-35.46,81.5,65,43,19.19,scattered clouds
146,Teya,RU,2021-08-13 18:28:18,60.38,92.63,56.66,98,77,1.1,broken clouds
147,Nogliki,RU,2021-08-13 18:28:18,51.83,143.17,53.78,91,87,8.41,overcast clouds
148,Codrington,AU,2021-08-13 18:28:03,-38.27,141.97,46.02,95,37,9.01,scattered clouds
149,Dakar,SN,2021-08-13 18:28:19,14.69,-17.44,85.08,79,75,6.91,broken clouds
150,Port Augusta,AU,2021-08-13 18:28:19,-32.5,137.77,41.7,78,3,3.49,clear sky
151,Ndende,GA,2021-08-13 18:28:19,-2.4,11.36,83.1,56,61,6.42,broken clouds
152,Cap Malheureux,MU,2021-08-13 18:28:20,-19.98,57.61,68.47,84,11,3.0,few clouds
153,Yermakovskoye,RU,2021-08-13 18:28:20,53.28,92.4,63.84,99,100,8.43,heavy intensity rain
154,Upata,VE,2021-08-13 18:28:20,8.01,-62.4,82.65,64,98,5.73,overcast clouds
155,Pasni,PK,2021-08-13 18:28:20,25.26,63.47,79.41,82,76,10.87,broken clouds
156,Bodden Town,KY,2021-08-13 18:28:21,19.28,-81.25,87.8,70,40,2.3,scattered clouds
157,Banda Aceh,ID,2021-08-13 18:28:21,5.56,95.32,78.1,85,100,13.69,overcast clouds
158,Celestun,MX,2021-08-13 18:27:07,20.87,-90.4,87.22,61,21,12.17,few clouds
159,Choix,MX,2021-08-13 18:28:21,26.71,-108.32,89.85,52,60,3.44,broken clouds
160,Alice Springs,AU,2021-08-13 18:28:21,-23.7,133.88,40.55,42,1,4.61,clear sky
161,Nikolskoye,RU,2021-08-13 18:28:22,59.7,30.79,67.01,74,0,5.48,clear sky
162,Puerto Escondido,MX,2021-08-13 18:28:22,15.85,-97.07,83.23,74,90,5.75,overcast clouds
163,Lasa,IT,2021-08-13 18:28:22,46.62,10.7,77.88,71,94,1.12,overcast clouds
164,Mayo,US,2021-08-13 18:28:23,38.89,-76.51,101.08,64,37,3.0,scattered clouds
165,Bakchar,RU,2021-08-13 18:28:23,57.02,82.07,52.5,76,55,5.21,broken clouds
166,Marawi,PH,2021-08-13 18:28:23,8.0,124.29,66.65,93,100,2.59,moderate rain
167,Newala,TZ,2021-08-13 18:28:23,-10.94,39.28,67.14,72,43,9.26,scattered clouds
168,Krasnoselkup,RU,2021-08-13 18:28:24,65.7,82.47,55.62,92,100,7.52,overcast clouds
169,Krasnyy Chikoy,RU,2021-08-13 18:28:24,50.36,108.75,55.54,94,63,3.56,broken clouds
170,Kingaroy,AU,2021-08-13 18:28:24,-26.53,151.83,52.03,100,90,0.0,overcast clouds
171,Sinnamary,GF,2021-08-13 18:28:25,5.38,-52.95,82.24,81,75,10.47,broken clouds
172,Naryan-Mar,RU,2021-08-13 18:26:50,67.67,53.09,58.73,99,100,7.83,overcast clouds
173,Abu Dhabi,AE,2021-08-13 18:28:25,24.47,54.37,93.31,84,0,5.75,clear sky
174,Nouadhibou,MR,2021-08-13 18:27:48,20.93,-17.03,75.18,73,2,20.71,sand
175,Coracora,PE,2021-08-13 18:28:25,-15.03,-73.78,61.54,26,0,10.38,clear sky
176,Wad Madani,SD,2021-08-13 18:28:26,14.4,33.52,90.01,54,93,4.5,overcast clouds
177,Nicoya,CR,2021-08-13 18:28:26,10.15,-85.45,85.55,69,79,3.69,broken clouds
178,Ilulissat,GL,2021-08-13 18:26:35,69.22,-51.1,53.62,50,75,16.11,light rain
179,Hasaki,JP,2021-08-13 18:28:26,35.73,140.83,77.4,92,100,27.54,moderate rain
180,Sao Felix Do Xingu,BR,2021-08-13 18:28:26,-6.64,-52.0,99.14,21,99,5.75,overcast clouds
181,Mount Isa,AU,2021-08-13 18:28:27,-20.73,139.5,67.77,37,90,11.5,overcast clouds
182,Chuy,UY,2021-08-13 18:28:27,-33.7,-53.46,56.16,67,1,8.01,clear sky
183,Yerofey Pavlovich,RU,2021-08-13 18:28:27,53.97,121.97,52.81,80,19,2.93,few clouds
184,Bonthe,SL,2021-08-13 18:28:28,7.53,-12.5,75.33,91,100,10.6,moderate rain
185,Buraydah,SA,2021-08-13 18:28:28,26.33,43.98,102.65,11,19,11.99,few clouds
186,Sawtell,AU,2021-08-13 18:28:28,-30.38,153.1,59.02,92,90,5.75,overcast clouds
187,Tavda,RU,2021-08-13 18:28:28,58.04,65.27,58.01,68,94,5.06,overcast clouds
188,Shenjiamen,CN,2021-08-13 18:28:29,29.96,122.3,80.46,89,100,16.11,overcast clouds
189,Arrecife,ES,2021-08-13 18:28:29,28.96,-13.55,76.98,73,20,19.57,few clouds
190,Boddam,GB,2021-08-13 18:28:30,57.47,-1.78,62.98,74,67,13.8,broken clouds
191,Isangel,VU,2021-08-13 18:26:25,-19.55,169.27,64.51,82,40,6.91,scattered clouds
192,Krasnaya Gorka,RU,2021-08-13 18:28:31,55.2,56.67,59.16,60,70,3.91,broken clouds
193,Ahipara,NZ,2021-08-13 18:28:31,-35.17,173.17,53.4,74,44,10.04,scattered clouds
194,Xaltianguis,MX,2021-08-13 18:28:31,17.07,-99.83,80.11,61,10,5.64,clear sky
195,Ilo,PE,2021-08-13 18:28:31,-17.64,-71.34,63.46,77,75,9.55,broken clouds
196,Taonan,CN,2021-08-13 18:28:32,45.33,122.78,60.62,95,7,5.88,clear sky
197,Qasigiannguit,GL,2021-08-13 18:28:32,68.82,-51.19,53.85,85,100,7.02,overcast clouds
198,Suriapet,IN,2021-08-13 18:28:32,17.15,79.62,78.66,82,100,6.51,moderate rain
199,Pevek,RU,2021-08-13 18:28:33,69.7,170.31,37.94,99,100,11.7,light rain
200,Yining,CN,2021-08-13 18:28:33,29.04,114.56,75.94,99,99,2.57,light rain
201,Man,CI,2021-08-13 18:28:33,7.41,-7.55,73.96,93,85,3.11,light rain
202,Sao Joao Da Barra,BR,2021-08-13 18:28:33,-21.64,-41.05,75.29,79,23,14.65,few clouds
203,Hamilton,US,2021-08-13 18:28:34,39.18,-84.53,92.59,69,75,4.0,broken clouds
204,Tran,BG,2021-08-13 18:28:34,42.84,22.65,74.88,51,13,5.1,few clouds
205,Shingu,JP,2021-08-13 18:28:34,33.73,135.98,79.92,93,100,12.86,moderate rain
206,Sungaipenuh,ID,2021-08-13 18:28:34,-2.08,101.38,63.79,96,59,2.37,broken clouds
207,Nangomba,TZ,2021-08-13 18:28:35,-10.9,38.5,78.66,50,77,10.87,broken clouds
208,Esperance,AU,2021-08-13 18:28:35,-33.87,121.9,40.84,51,2,10.45,clear sky
209,Las Navas,PH,2021-08-13 18:28:35,12.34,125.03,75.51,97,57,0.36,broken clouds
210,Vanavara,RU,2021-08-13 18:28:36,60.34,102.28,57.74,92,67,3.56,broken clouds
211,Hay River,CA,2021-08-13 18:28:36,60.82,-115.8,75.18,50,75,10.36,broken clouds
212,Palmer,US,2021-08-13 18:28:36,42.16,-72.33,94.98,55,40,4.61,scattered clouds
213,Luderitz,NA,2021-08-13 18:28:36,-26.65,15.16,65.48,33,0,19.69,clear sky
214,Portland,US,2021-08-13 18:27:32,45.52,-122.68,92.21,55,75,3.44,smoke
215,Suoyarvi,RU,2021-08-13 18:28:37,62.08,32.35,55.85,92,77,5.75,broken clouds
216,Ponta Do Sol,PT,2021-08-13 18:28:37,32.67,-17.1,76.71,74,1,3.67,clear sky
217,Morant Bay,JM,2021-08-13 18:28:37,17.88,-76.41,85.62,83,100,6.8,overcast clouds
218,Reyes,BO,2021-08-13 18:28:37,-14.32,-67.38,80.76,41,20,3.44,few clouds
219,Warrington,GB,2021-08-13 18:28:10,53.39,-2.58,68.92,64,20,5.01,few clouds
220,Trinidad,BO,2021-08-13 18:28:38,-14.83,-64.9,84.18,26,3,9.22,clear sky
221,Santa Marta,CO,2021-08-13 18:28:38,11.24,-74.2,92.34,75,63,6.64,broken clouds
222,Twin Falls,US,2021-08-13 18:28:38,42.35,-114.64,82.74,32,1,5.75,clear sky
223,Chikwawa,MW,2021-08-13 18:28:39,-16.03,34.8,76.8,34,0,5.99,clear sky
224,Gat,IL,2021-08-13 18:25:04,31.61,34.76,85.41,45,0,6.06,clear sky
225,Omboue,GA,2021-08-13 18:28:15,-1.57,9.26,76.26,82,80,8.66,broken clouds
226,Lorengau,PG,2021-08-13 18:28:39,-2.02,147.27,81.32,76,88,8.88,overcast clouds
227,Nanortalik,GL,2021-08-13 18:28:39,60.14,-45.24,49.46,86,34,2.62,scattered clouds
228,Bud,US,2021-08-13 18:28:40,39.45,-86.18,84.04,84,73,4.65,broken clouds
229,Mahon,ES,2021-08-13 18:28:40,39.89,4.27,82.96,74,0,8.05,clear sky
230,Thongwa,MM,2021-08-13 18:28:40,16.76,96.53,80.76,88,100,5.37,light rain
231,Saint-Pierre,RE,2021-08-13 18:27:31,-21.34,55.48,71.24,80,0,5.75,clear sky
232,Netivot,IL,2021-08-13 18:28:40,31.42,34.59,81.9,56,0,7.63,clear sky
233,Sindor,RU,2021-08-13 18:28:41,62.86,51.89,71.92,65,48,10.25,scattered clouds
234,Vestmannaeyjar,IS,2021-08-13 18:28:41,63.44,-20.27,55.74,89,36,6.89,scattered clouds
235,Provideniya,RU,2021-08-13 18:28:41,64.38,-173.3,44.24,79,100,6.46,overcast clouds
236,Kruisfontein,ZA,2021-08-13 18:27:10,-34.0,24.73,46.89,82,14,4.5,light rain
237,Takoradi,GH,2021-08-13 18:28:42,4.88,-1.76,77.29,74,100,10.85,overcast clouds
238,Khandyga,RU,2021-08-13 18:28:42,62.67,135.6,55.13,77,26,2.06,scattered clouds
239,Natal,BR,2021-08-13 18:24:25,-5.8,-35.21,81.25,69,75,17.27,broken clouds
240,Dali,CN,2021-08-13 18:28:42,25.7,100.18,64.85,96,100,4.29,moderate rain
241,Burns Lake,CA,2021-08-13 18:28:42,54.23,-125.75,80.37,34,1,3.96,clear sky
242,Nova Olinda Do Norte,BR,2021-08-13 18:28:43,-3.89,-59.09,95.09,38,94,3.31,light rain
243,Abong Mbang,CM,2021-08-13 18:28:43,3.98,13.18,73.78,68,95,1.34,overcast clouds
244,Rocha,UY,2021-08-13 18:28:43,-34.48,-54.33,57.42,59,0,7.05,clear sky
245,Ibra,OM,2021-08-13 18:28:43,22.69,58.53,92.05,37,100,9.33,overcast clouds
246,Skovorodino,RU,2021-08-13 18:28:44,53.98,123.92,53.6,81,13,0.67,few clouds
247,Ankazoabo,MG,2021-08-13 18:28:44,-22.28,44.52,67.71,50,0,13.89,clear sky
248,Avera,US,2021-08-13 18:28:44,33.19,-82.53,96.91,37,5,1.61,clear sky
249,Yuanping,CN,2021-08-13 18:28:45,38.72,112.76,61.47,90,33,2.59,scattered clouds
250,Olinda,BR,2021-08-13 18:28:45,-8.01,-34.86,76.73,65,40,18.41,scattered clouds
251,West Fargo,US,2021-08-13 18:28:45,46.88,-96.9,76.01,28,1,11.99,clear sky
252,Kahului,US,2021-08-13 18:28:46,20.89,-156.47,78.82,86,40,9.22,scattered clouds
253,Sao Filipe,CV,2021-08-13 18:28:46,14.9,-24.5,77.32,75,65,13.13,broken clouds
254,Dukat,RU,2021-08-13 18:28:46,62.55,155.55,52.21,85,64,2.62,broken clouds
255,Baykit,RU,2021-08-13 18:28:46,61.67,96.37,59.16,98,100,2.04,moderate rain
256,Constitucion,CL,2021-08-13 18:27:25,-35.33,-72.42,56.34,66,6,8.81,clear sky
257,Kodinsk,RU,2021-08-13 18:28:47,58.69,99.18,58.32,90,52,2.04,broken clouds
258,Vagur,FO,2021-08-13 18:28:47,61.47,-6.81,52.9,88,50,13.98,scattered clouds
259,Etchoropo,MX,2021-08-13 18:28:47,26.77,-109.67,91.42,49,30,5.64,scattered clouds
260,Namatanai,PG,2021-08-13 18:28:47,-3.67,152.43,78.21,81,100,5.88,overcast clouds
261,Jacareacanga,BR,2021-08-13 18:28:48,-6.22,-57.75,93.51,52,20,4.61,smoke
262,Soe,ID,2021-08-13 18:28:48,-9.86,124.28,62.35,85,3,5.23,clear sky
263,Bilibino,RU,2021-08-13 18:28:48,68.05,166.44,50.81,87,99,3.71,light rain
264,Bruckmuhl,DE,2021-08-13 18:28:49,47.88,11.92,79.88,88,71,3.76,broken clouds
265,Morwell,AU,2021-08-13 18:28:49,-38.23,146.4,42.67,91,6,2.53,clear sky
266,Hambantota,LK,2021-08-13 18:28:49,6.12,81.12,80.94,83,40,3.44,scattered clouds
267,Itoman,JP,2021-08-13 18:28:49,26.12,127.67,81.37,96,40,14.97,scattered clouds
268,Fortuna Foothills,US,2021-08-13 18:25:47,32.66,-114.41,99.21,42,1,5.01,clear sky
269,San Patricio,US,2021-08-13 18:28:50,28.02,-97.52,97.02,45,21,10.71,few clouds
270,Pershotravneve,UA,2021-08-13 18:28:50,51.39,28.87,63.55,63,2,5.53,clear sky
271,Anloga,GH,2021-08-13 18:28:50,5.79,0.9,79.02,78,100,12.75,overcast clouds
272,Huarmey,PE,2021-08-13 18:28:50,-10.07,-78.15,69.08,67,41,13.0,scattered clouds
273,Eyl,SO,2021-08-13 18:28:51,7.98,49.82,76.73,84,26,21.81,scattered clouds
274,Manokwari,ID,2021-08-13 18:28:51,-0.87,134.08,77.22,77,94,3.56,overcast clouds
275,Norman Wells,CA,2021-08-13 18:26:32,65.28,-126.83,62.64,77,75,4.61,broken clouds
276,Veshenskaya,RU,2021-08-13 18:28:51,49.63,41.73,67.1,87,98,14.12,moderate rain
277,Makakilo City,US,2021-08-13 18:28:52,21.35,-158.09,80.92,70,1,3.44,clear sky
278,Oyama,JP,2021-08-13 18:28:52,36.3,139.8,76.87,98,100,4.7,overcast clouds
279,Akdepe,TM,2021-08-13 18:28:20,42.06,59.38,75.29,43,0,16.42,clear sky
280,Norfolk,US,2021-08-13 18:28:52,42.17,-71.25,96.6,61,40,1.01,scattered clouds
281,Coihaique,CL,2021-08-13 18:28:52,-45.58,-72.07,53.55,43,0,5.75,clear sky
282,Waingapu,ID,2021-08-13 18:28:53,-9.66,120.26,75.92,88,35,8.23,scattered clouds
283,Burayevo,RU,2021-08-13 18:28:53,55.84,55.41,65.19,30,16,8.14,few clouds
284,Sobolevo,RU,2021-08-13 18:28:53,54.43,31.9,61.83,68,29,6.22,scattered clouds
285,Padang,ID,2021-08-13 18:26:26,-0.95,100.35,77.36,88,72,3.22,broken clouds
286,Siteki,SZ,2021-08-13 18:28:54,-26.45,31.95,52.03,71,100,7.43,overcast clouds
287,Clyde River,CA,2021-08-13 18:28:54,70.47,-68.59,41.23,93,75,17.27,broken clouds
288,Kavieng,PG,2021-08-13 18:28:54,-2.57,150.8,81.37,78,100,10.83,overcast clouds
289,Qui Nhon,VN,2021-08-13 18:28:54,13.77,109.23,80.51,74,100,4.63,overcast clouds
290,Bathsheba,BB,2021-08-13 18:28:55,13.22,-59.52,88.41,74,40,16.11,scattered clouds
291,Saint-Philippe,RE,2021-08-13 18:28:55,-21.36,55.77,71.15,80,19,5.77,few clouds
292,Batsfjord,NO,2021-08-13 18:28:55,70.63,29.72,53.82,96,100,6.89,overcast clouds
293,Sioux Lookout,CA,2021-08-13 18:28:55,50.1,-91.92,61.18,62,75,10.36,broken clouds
294,Athmallik,IN,2021-08-13 18:28:56,20.72,84.53,82.18,78,100,2.46,overcast clouds
295,Carai,BR,2021-08-13 18:28:56,-17.19,-41.69,76.14,42,50,7.92,scattered clouds
296,Voh,NC,2021-08-13 18:28:56,-20.97,164.7,60.42,82,1,4.52,clear sky
297,Santa Rosa,PH,2021-08-13 18:28:57,14.31,121.11,82.38,83,86,1.14,overcast clouds
298,Balfour,ZA,2021-08-13 18:28:57,-26.66,28.59,46.81,85,100,15.23,light snow
299,Sechura,PE,2021-08-13 18:28:57,-5.56,-80.82,76.01,61,64,11.86,broken clouds
300,Peniche,PT,2021-08-13 18:28:57,39.36,-9.38,83.68,87,3,14.88,clear sky
301,San Ignacio,BZ,2021-08-13 18:28:58,17.16,-89.07,89.74,58,40,4.61,scattered clouds
302,Dicabisagan,PH,2021-08-13 18:28:58,17.08,122.42,78.37,85,15,3.33,few clouds
303,Limbe,CM,2021-08-13 18:28:58,4.02,9.21,76.93,87,37,8.66,scattered clouds
304,Vila Velha,BR,2021-08-13 18:28:00,-20.33,-40.29,78.75,61,0,11.5,clear sky
305,Paveh,IR,2021-08-13 18:28:59,35.04,46.36,75.7,19,0,3.02,clear sky
306,Anadyr,RU,2021-08-13 18:28:59,64.75,177.48,52.3,82,0,4.47,clear sky
307,Genhe,CN,2021-08-13 18:28:59,50.78,121.52,50.0,94,27,1.74,scattered clouds
308,Minab,IR,2021-08-13 18:28:59,27.15,57.08,90.9,62,0,1.97,clear sky
309,Paraiso,CR,2021-08-13 18:29:00,9.84,-83.87,77.88,57,97,4.03,overcast clouds
310,Tasiilaq,GL,2021-08-13 18:29:00,65.61,-37.64,53.76,64,91,7.43,overcast clouds
311,Victoria,HK,2021-08-13 18:28:39,22.29,114.16,85.32,87,100,1.01,overcast clouds
312,Hawalli,KW,2021-08-13 18:29:00,29.28,48.0,111.29,11,0,13.8,clear sky
313,Ontario,US,2021-08-13 18:27:26,34.06,-117.65,100.42,27,20,5.01,few clouds
314,Dunedin,NZ,2021-08-13 18:29:00,-45.87,170.5,48.79,46,37,4.0,light rain
315,Honningsvag,NO,2021-08-13 18:29:01,70.98,25.97,51.55,76,20,14.97,few clouds
316,Tabou,CI,2021-08-13 18:29:01,4.42,-7.35,77.27,75,89,8.08,overcast clouds
317,Maltahohe,NA,2021-08-13 18:29:01,-24.83,16.98,49.33,41,0,15.14,clear sky
318,Harper,LR,2021-08-13 18:29:02,4.38,-7.72,77.76,72,98,9.15,overcast clouds
319,Cidreira,BR,2021-08-13 18:29:02,-30.18,-50.21,60.15,80,99,13.62,light rain
320,Helong,CN,2021-08-13 18:29:02,42.54,129.0,58.8,100,100,2.48,overcast clouds
321,Dunda,TZ,2021-08-13 18:29:02,-8.12,34.25,69.87,43,11,7.52,few clouds
322,Caravelas,BR,2021-08-13 18:29:03,-17.71,-39.25,76.53,57,14,7.65,few clouds
323,Lavrentiya,RU,2021-08-13 18:29:03,65.58,-171.0,43.54,81,100,7.05,light rain
324,Saskylakh,RU,2021-08-13 18:29:03,71.92,114.08,48.15,73,99,7.61,overcast clouds
325,Varca,IN,2021-08-13 18:29:04,15.22,73.92,78.8,100,75,5.75,broken clouds
326,Robertsport,LR,2021-08-13 18:29:04,6.75,-11.37,78.08,78,100,17.87,overcast clouds
327,Fare,PF,2021-08-13 18:27:36,-16.7,-151.02,78.69,69,73,14.36,broken clouds
328,Cortez,US,2021-08-13 18:29:04,37.35,-108.59,87.42,32,1,9.22,clear sky
329,Grindavik,IS,2021-08-13 18:28:35,63.84,-22.43,58.55,88,40,10.36,scattered clouds
330,Kyabe,TD,2021-08-13 18:29:05,9.45,18.94,73.81,93,94,2.82,overcast clouds
331,Gopalur,IN,2021-08-13 18:29:05,16.62,77.8,76.93,80,100,4.81,moderate rain
332,Ulaanbaatar,MN,2021-08-13 18:24:30,47.91,106.88,53.73,82,40,2.24,scattered clouds
333,Zyryanka,RU,2021-08-13 18:29:05,65.75,150.85,59.61,86,98,2.24,overcast clouds
334,Sinop,TR,2021-08-13 18:29:05,41.77,34.87,64.83,91,80,3.38,broken clouds
335,Oswego,US,2021-08-13 18:26:49,43.45,-76.15,89.78,70,73,1.01,broken clouds
336,Sterling,US,2021-08-13 18:24:30,39.01,-77.43,100.11,47,75,3.0,broken clouds
337,Amapa,BR,2021-08-13 18:29:06,1.0,-52.0,79.9,81,98,1.57,overcast clouds
338,College,US,2021-08-13 18:24:24,64.86,-147.8,55.72,87,75,0.0,light rain
339,San Quintin,MX,2021-08-13 18:29:06,30.48,-115.95,79.66,56,6,12.53,clear sky
340,Terney,RU,2021-08-13 18:25:09,45.05,136.61,55.94,83,49,5.88,scattered clouds
341,Pochutla,MX,2021-08-13 18:29:06,15.74,-96.47,84.81,60,84,5.03,broken clouds
342,Alcamo,IT,2021-08-13 18:29:07,38.0,12.96,86.2,60,0,4.54,clear sky
343,Geraldton,AU,2021-08-13 18:29:07,-28.77,114.6,45.01,93,0,8.05,clear sky
344,Kabare,CD,2021-08-13 18:29:07,-2.47,28.82,64.63,81,86,0.87,light rain
345,Ancud,CL,2021-08-13 18:29:08,-41.87,-73.82,45.93,81,100,2.21,overcast clouds
346,Muriwai Beach,NZ,2021-08-13 18:29:08,-36.82,174.45,51.87,71,70,11.86,broken clouds
347,San Joaquin,US,2021-08-13 18:29:08,37.93,-121.3,91.11,38,1,8.05,clear sky
348,Vadinsk,RU,2021-08-13 18:29:09,53.69,43.06,65.35,81,100,1.68,light rain
349,Kouango,CF,2021-08-13 18:29:09,4.99,19.96,72.16,96,96,2.13,overcast clouds
350,Lakes Entrance,AU,2021-08-13 18:29:09,-37.88,147.98,43.18,78,3,6.64,clear sky
351,Jizan,SA,2021-08-13 18:29:09,17.33,42.67,92.34,48,16,5.59,few clouds
352,Cabra,ES,2021-08-13 18:29:10,37.47,-4.44,106.66,16,2,8.5,clear sky
353,Matamoros,MX,2021-08-13 18:29:10,25.53,-103.25,87.91,36,20,0.0,few clouds
354,Quatre Cocos,MU,2021-08-13 18:29:10,-20.21,57.76,68.09,82,20,5.61,few clouds
355,Lanzhou,CN,2021-08-13 18:29:11,36.06,103.79,67.28,40,49,5.28,scattered clouds
356,Samarai,PG,2021-08-13 18:29:11,-10.62,150.67,76.08,93,100,15.12,overcast clouds
357,Srednekolymsk,RU,2021-08-13 18:29:11,67.45,153.68,54.34,87,76,6.33,broken clouds
358,Manzanares,ES,2021-08-13 18:29:12,39.0,-3.37,105.35,9,57,13.22,light rain
359,Corinto,GR,2021-08-13 18:29:12,37.94,22.96,88.41,40,0,4.12,clear sky
360,Chinhoyi,ZW,2021-08-13 18:29:12,-17.37,30.2,68.27,26,0,6.69,clear sky
361,Fort Nelson,CA,2021-08-13 18:29:12,58.81,-122.7,78.39,50,40,4.61,scattered clouds
362,Santa Vitoria Do Palmar,BR,2021-08-13 18:29:13,-33.52,-53.37,56.88,66,1,8.66,clear sky
363,Hualmay,PE,2021-08-13 18:29:13,-11.1,-77.61,67.17,68,54,11.41,broken clouds
364,Palu,ID,2021-08-13 18:29:13,-0.89,119.87,75.61,95,100,2.24,overcast clouds
365,Qaqortoq,GL,2021-08-13 18:29:13,60.72,-46.03,64.9,78,82,4.54,broken clouds
366,Ekhabi,RU,2021-08-13 18:29:14,53.51,142.97,54.05,79,82,7.45,broken clouds
367,Ouadda,CF,2021-08-13 18:29:14,8.08,22.4,67.5,96,25,2.33,scattered clouds
368,Evensk,RU,2021-08-13 18:29:14,61.95,159.23,48.9,93,100,5.7,overcast clouds
369,Hailar,CN,2021-08-13 18:29:15,49.2,119.7,53.65,91,0,7.07,clear sky
370,Bengkulu,ID,2021-08-13 18:29:15,-3.8,102.27,75.76,90,55,4.54,broken clouds
371,Coquimbo,CL,2021-08-13 18:27:05,-29.95,-71.34,55.13,71,20,11.5,few clouds
372,Sambava,MG,2021-08-13 18:29:15,-14.27,50.17,72.45,89,12,11.79,few clouds
373,Coxim,BR,2021-08-13 18:29:15,-18.51,-54.76,94.95,18,2,4.99,clear sky
374,Victor Harbor,AU,2021-08-13 18:29:16,-35.57,138.62,50.9,95,2,6.96,clear sky
375,Tutoia,BR,2021-08-13 18:29:16,-2.76,-42.27,85.98,67,50,15.7,scattered clouds
376,Zhigansk,RU,2021-08-13 18:29:16,66.77,123.37,50.23,90,100,19.06,overcast clouds
377,Great Bend,US,2021-08-13 18:25:11,38.36,-98.76,78.85,81,1,1.01,clear sky
378,Kytmanovo,RU,2021-08-13 18:29:17,53.46,85.45,54.68,90,92,7.72,overcast clouds
379,Miandrivazo,MG,2021-08-13 18:29:17,-19.52,45.47,72.59,45,0,2.06,clear sky
380,Mtambile,TZ,2021-08-13 18:29:17,-5.38,39.7,75.65,83,10,14.45,clear sky
381,Nilanga,IN,2021-08-13 18:29:17,18.1,76.77,78.24,70,100,5.95,light rain
382,Alofi,NU,2021-08-13 18:29:18,-19.06,-169.92,66.09,88,69,6.91,broken clouds
383,Gloucester,GB,2021-08-13 18:29:18,51.87,-2.24,68.76,66,20,10.36,few clouds
384,Celendin,PE,2021-08-13 18:29:18,-6.87,-78.15,72.12,41,98,4.29,overcast clouds
385,Sisophon,KH,2021-08-13 18:29:19,13.59,102.97,79.07,87,100,6.04,light rain
386,Talcahuano,CL,2021-08-13 18:29:19,-36.72,-73.12,53.28,66,75,3.44,broken clouds
387,Yaan,NG,2021-08-13 18:29:19,7.38,8.57,75.42,88,54,4.47,broken clouds
388,Hurghada,EG,2021-08-13 18:29:19,27.26,33.81,88.59,35,0,5.37,clear sky
389,Kralendijk,BQ,2021-08-13 18:29:20,12.15,-68.27,89.58,58,75,12.66,broken clouds
390,Moron,AR,2021-08-13 18:29:20,-34.65,-58.62,58.8,69,97,4.0,overcast clouds
391,Asau,RO,2021-08-13 18:29:20,46.43,26.4,65.32,76,57,2.06,broken clouds
392,Paamiut,GL,2021-08-13 18:26:31,61.99,-49.67,45.28,90,91,22.41,overcast clouds
393,Mombetsu,JP,2021-08-13 18:29:20,44.35,143.35,53.92,87,89,3.33,overcast clouds
394,Novouzensk,RU,2021-08-13 18:29:21,50.46,48.14,81.05,19,6,10.36,clear sky
395,Gamba,GA,2021-08-13 18:29:21,-2.65,10.0,75.38,82,78,7.38,broken clouds
396,Aykhal,RU,2021-08-13 18:29:21,66.0,111.5,45.19,91,73,7.87,broken clouds
397,Haines Junction,CA,2021-08-13 18:29:22,60.75,-137.51,55.35,94,100,2.3,moderate rain
398,Maceio,BR,2021-08-13 18:29:22,-9.67,-35.74,80.04,65,40,9.22,scattered clouds
399,Beringovskiy,RU,2021-08-13 18:29:22,63.05,179.32,49.82,90,100,9.17,light rain
400,Malpe,IN,2021-08-13 18:29:22,13.35,74.72,78.1,85,100,4.83,moderate rain
401,Muscat,OM,2021-08-13 18:29:23,23.61,58.59,87.82,67,69,7.29,broken clouds
402,Sandila,IN,2021-08-13 18:29:23,27.08,80.52,84.11,75,100,4.56,overcast clouds
403,Aklavik,CA,2021-08-13 18:29:23,68.22,-135.01,43.63,87,90,5.75,moderate rain
404,Serenje,ZM,2021-08-13 18:29:24,-13.23,30.24,63.32,35,0,7.09,clear sky
405,Yongan,CN,2021-08-13 18:29:24,39.7,113.69,61.21,86,14,4.0,few clouds
406,Novyy Urgal,RU,2021-08-13 18:29:24,51.07,132.56,54.52,94,7,0.2,clear sky
407,Santa Maria,BR,2021-08-13 18:29:24,-29.68,-53.81,65.5,63,75,13.8,broken clouds
408,Praia Da Vitoria,PT,2021-08-13 18:25:30,38.73,-27.07,77.25,83,40,14.97,scattered clouds
409,Kaka,TM,2021-08-13 18:29:25,37.35,59.61,88.07,18,0,2.64,clear sky
410,Biltine,TD,2021-08-13 18:29:25,14.53,20.92,75.06,79,95,8.08,overcast clouds
411,The Valley,AI,2021-08-13 18:29:25,18.22,-63.06,87.66,74,40,13.8,scattered clouds
412,Holme,DK,2021-08-13 18:29:26,56.11,10.17,65.77,79,58,16.22,broken clouds
413,San Cristobal,VE,2021-08-13 18:29:26,7.77,-72.22,80.78,54,79,6.24,broken clouds
414,Matara,LK,2021-08-13 18:29:26,5.95,80.54,78.67,84,99,13.29,overcast clouds
415,Puerto Leguizamo,CO,2021-08-13 18:29:26,-0.19,-74.78,74.25,96,98,1.45,overcast clouds
416,Port Macquarie,AU,2021-08-13 18:29:27,-31.43,152.92,49.96,100,75,2.3,broken clouds
417,Santa Barbara,US,2021-08-13 18:27:12,34.73,-120.03,82.44,40,20,6.4,few clouds
418,Chapais,CA,2021-08-13 18:29:27,49.78,-74.85,74.98,36,9,11.92,clear sky
419,Vaitape,PF,2021-08-13 18:29:27,-16.52,-151.75,78.46,69,67,10.6,broken clouds
420,Tianpeng,CN,2021-08-13 18:29:27,30.99,103.94,79.27,92,99,6.31,overcast clouds
421,Saint-Augustin,CA,2021-08-13 18:29:28,51.23,-58.65,67.57,93,100,7.9,overcast clouds
422,Faranah,GN,2021-08-13 18:29:28,10.04,-10.74,74.52,95,99,6.78,moderate rain
423,Tucurui,BR,2021-08-13 18:29:28,-3.77,-49.67,89.67,47,88,4.76,overcast clouds
424,Itarema,BR,2021-08-13 18:29:28,-2.92,-39.92,84.56,59,31,18.95,scattered clouds
425,Kupang,ID,2021-08-13 18:29:29,-10.17,123.58,76.14,75,5,11.12,clear sky
426,Chinchani,IN,2021-08-13 18:29:29,19.87,72.7,80.94,82,97,12.03,overcast clouds
427,Te Anau,NZ,2021-08-13 18:29:29,-45.42,167.72,40.98,93,100,6.08,overcast clouds
428,Okakarara,NA,2021-08-13 18:29:30,-20.58,17.43,65.46,23,4,5.79,clear sky
429,Finnsnes,NO,2021-08-13 18:29:30,69.23,17.98,54.21,89,100,4.43,overcast clouds
430,Iranshahr,IR,2021-08-13 18:29:30,27.2,60.68,104.34,6,0,11.5,clear sky
431,Agadez,NE,2021-08-13 18:29:30,19.75,10.25,96.6,10,0,9.62,clear sky
432,Cieza,ES,2021-08-13 18:29:31,38.24,-1.42,92.84,31,56,8.86,broken clouds
433,Krasnoyarka,RU,2021-08-13 18:29:31,55.33,73.12,58.95,79,77,7.2,broken clouds
434,Sulangan,PH,2021-08-13 18:29:31,11.14,123.72,81.93,75,84,3.94,broken clouds
435,Podgornoye,RU,2021-08-13 18:29:31,51.74,39.15,70.02,52,0,6.71,clear sky
436,Praya,CV,2021-08-13 18:29:32,14.92,-23.51,84.74,54,20,13.8,few clouds
437,Formosa,AR,2021-08-13 18:29:32,-26.18,-58.18,66.18,48,0,9.22,clear sky
438,Muros,ES,2021-08-13 18:27:25,42.78,-9.06,83.14,53,6,11.05,clear sky
439,Homer,US,2021-08-13 18:29:32,59.64,-151.55,53.47,92,75,5.75,broken clouds
440,San Ramon,US,2021-08-13 18:29:32,37.78,-121.98,85.23,48,1,7.0,clear sky
441,Ovre Ardal,NO,2021-08-13 18:29:33,61.32,7.8,54.48,92,100,5.23,light rain
442,North Battleford,CA,2021-08-13 18:29:33,52.78,-108.28,79.41,36,1,11.5,clear sky
443,Klaksvik,FO,2021-08-13 18:29:33,62.23,-6.59,58.12,86,86,8.93,overcast clouds
444,Vila Franca Do Campo,PT,2021-08-13 18:29:34,37.72,-25.43,77.41,69,4,9.73,clear sky
445,Spornoye,RU,2021-08-13 18:29:34,50.84,37.29,69.82,49,100,7.14,overcast clouds
446,Georgetown,MY,2021-08-13 18:25:26,5.41,100.34,78.89,93,20,3.44,few clouds
447,Umrala,IN,2021-08-13 18:29:34,21.83,71.82,82.17,70,88,13.42,overcast clouds
448,Tshikapa,CD,2021-08-13 18:29:34,-6.42,20.8,82.26,45,82,0.29,broken clouds
449,Nizhniy Odes,RU,2021-08-13 18:29:35,63.64,54.86,73.17,56,80,10.71,broken clouds
450,Leshukonskoye,RU,2021-08-13 18:29:35,64.9,45.76,62.11,98,100,9.24,overcast clouds
451,Okrika,NG,2021-08-13 18:29:35,4.74,7.08,79.63,71,88,7.61,overcast clouds
452,Kununurra,AU,2021-08-13 18:29:36,-15.77,128.73,75.18,29,0,6.91,clear sky
453,Luanda,AO,2021-08-13 18:29:36,-8.84,13.23,71.46,83,26,12.01,scattered clouds
454,Kiruna,SE,2021-08-13 18:29:36,67.86,20.23,52.72,76,91,9.22,overcast clouds
455,Mizan Teferi,ET,2021-08-13 18:29:37,6.98,35.58,61.27,96,91,2.42,light rain
456,Sakaiminato,JP,2021-08-13 18:29:37,35.55,133.23,73.38,94,75,16.11,light intensity shower rain
457,Matay,EG,2021-08-13 18:29:37,28.42,30.78,94.55,23,0,8.46,clear sky
458,Beaufort,MY,2021-08-13 18:29:37,5.35,115.75,78.96,95,100,2.91,moderate rain
459,Tiarei,PF,2021-08-13 18:29:38,-17.53,-149.33,77.02,69,83,19.8,broken clouds
460,Chemal,RU,2021-08-13 18:29:38,51.41,86.0,56.05,97,99,3.02,overcast clouds
461,Gigmoto,PH,2021-08-13 18:29:38,13.78,124.39,80.82,84,27,4.34,scattered clouds
462,Lixourion,GR,2021-08-13 18:29:39,38.2,20.43,89.46,74,0,11.5,clear sky
463,Burnie,AU,2021-08-13 18:29:39,-41.07,145.92,49.75,80,84,5.7,broken clouds
464,Tjome,NO,2021-08-13 18:29:39,59.11,10.39,62.71,93,40,10.36,scattered clouds
465,Bandar-E Lengeh,IR,2021-08-13 18:29:39,26.56,54.88,96.91,63,1,4.61,clear sky
466,Caxito,AO,2021-08-13 18:29:40,-8.58,13.66,73.29,78,7,7.45,clear sky
467,Crestview,US,2021-08-13 18:27:28,30.76,-86.57,93.15,56,40,3.0,scattered clouds
468,Zhuhai,CN,2021-08-13 18:29:40,22.28,113.57,84.06,89,40,14.97,scattered clouds
469,Skotterud,NO,2021-08-13 18:29:40,59.98,12.13,63.91,96,100,6.71,light rain
470,Ambunti,PG,2021-08-13 18:29:40,-4.24,142.84,73.4,97,90,1.34,overcast clouds
471,Zhangjiakou,CN,2021-08-13 18:29:41,40.81,114.88,64.8,87,74,3.42,broken clouds
472,Muncar,ID,2021-08-13 18:29:41,-8.43,114.33,73.85,93,44,0.96,scattered clouds
473,Gizo,SB,2021-08-13 18:29:41,-8.1,156.84,80.29,79,87,4.85,light rain
474,Pouembout,NC,2021-08-13 18:29:41,-21.13,164.9,61.95,80,27,4.74,scattered clouds
475,Bluefield,US,2021-08-13 18:29:42,37.27,-81.22,88.07,47,20,7.0,few clouds
476,Tiznit,MA,2021-08-13 18:29:42,29.58,-9.5,99.46,16,22,8.32,few clouds
477,Vostok,RU,2021-08-13 18:29:42,46.49,135.88,56.43,71,90,2.8,overcast clouds
478,Shimanovsk,RU,2021-08-13 18:29:43,52.0,127.7,58.06,80,41,3.09,scattered clouds
479,Landeck,AT,2021-08-13 18:29:43,47.13,10.56,75.94,74,72,3.96,broken clouds
480,Angono,PH,2021-08-13 18:29:43,14.53,121.17,81.72,81,40,2.3,scattered clouds
481,Tromso,NO,2021-08-13 18:29:43,69.65,18.96,54.25,87,75,2.3,broken clouds
482,Linxia,CN,2021-08-13 18:29:44,35.6,103.21,63.46,51,50,3.42,scattered clouds
483,Reforma,MX,2021-08-13 18:29:44,18.1,-91.02,95.77,40,33,2.55,scattered clouds
484,Douglas,US,2021-08-13 18:29:44,41.3,-96.17,84.38,42,1,3.0,clear sky
485,Narsaq,GL,2021-08-13 18:29:45,60.92,-46.05,64.62,69,80,4.5,broken clouds
486,Kuryk,KZ,2021-08-13 18:29:45,43.2,51.65,90.84,28,7,17.4,clear sky
487,Dalby,AU,2021-08-13 18:29:45,-27.18,151.27,50.7,78,90,3.58,overcast clouds
488,Alexandria,EG,2021-08-13 18:28:23,31.22,29.96,81.39,71,0,6.76,clear sky
489,Tautira,PF,2021-08-13 18:29:45,-17.73,-149.15,77.02,70,92,22.01,overcast clouds
490,Bellavista,PE,2021-08-13 18:29:46,-7.06,-76.59,89.08,62,40,6.91,scattered clouds
491,Misratah,LY,2021-08-13 18:29:46,32.38,15.09,83.95,66,0,9.69,clear sky
492,Whitehorse,CA,2021-08-13 18:29:46,60.72,-135.05,57.97,88,75,9.22,light rain
493,Cabedelo,BR,2021-08-13 18:29:47,-6.98,-34.83,83.07,70,51,17.83,broken clouds
494,Road Town,VG,2021-08-13 18:29:47,18.42,-64.62,87.84,74,40,10.36,scattered clouds
495,Ciocile,RO,2021-08-13 18:29:47,44.82,27.23,71.96,42,16,7.34,few clouds
496,Mapastepec,MX,2021-08-13 18:29:48,15.43,-92.9,87.39,70,58,6.2,broken clouds
497,Junagarh,IN,2021-08-13 18:29:48,19.87,82.93,82.08,73,99,3.33,moderate rain
498,Ouegoa,NC,2021-08-13 18:29:48,-20.35,164.43,65.64,66,6,11.43,clear sky
499,Pedernales,DO,2021-08-13 18:29:48,18.04,-71.74,88.7,58,28,6.62,scattered clouds
500,Suffolk,US,2021-08-13 18:26:49,40.87,-72.8,96.55,59,1,8.99,clear sky
501,Pacific Grove,US,2021-08-13 18:29:49,36.62,-121.92,85.8,82,1,1.99,clear sky
502,Andenes,NO,2021-08-13 18:29:49,69.31,16.12,49.98,93,75,10.36,broken clouds
503,Elat,IL,2021-08-13 18:29:49,29.56,34.95,98.44,18,0,11.5,clear sky
504,Conceicao Da Barra,BR,2021-08-13 18:29:50,-18.59,-39.73,76.86,61,13,7.52,few clouds
505,Marzuq,YE,2021-08-13 18:29:50,14.4,46.47,86.47,38,6,6.49,clear sky
506,Aljezur,PT,2021-08-13 18:29:50,37.32,-8.8,79.75,50,29,7.9,scattered clouds
507,Krasnokamensk,RU,2021-08-13 18:29:50,50.1,118.04,55.72,83,56,4.43,broken clouds
508,Jining,CN,2021-08-13 18:29:51,35.4,116.58,68.16,92,3,1.54,light rain
509,Tazmalt,DZ,2021-08-13 18:29:51,36.39,4.4,102.04,11,24,7.65,few clouds
510,Uitenhage,ZA,2021-08-13 18:29:51,-33.76,25.4,49.59,77,35,3.36,scattered clouds
511,Ixtapa,MX,2021-08-13 18:29:52,20.7,-105.2,88.23,66,20,8.05,few clouds
512,Muroto,JP,2021-08-13 18:29:52,33.28,134.15,79.5,92,100,25.72,light rain
513,Komsomolets,KZ,2021-08-13 18:29:52,53.75,62.07,59.97,51,50,4.14,scattered clouds
514,Sete,FR,2021-08-13 18:29:52,43.4,3.7,87.84,58,5,8.25,clear sky
515,Khandbari,NP,2021-08-13 18:29:53,27.37,87.2,73.98,96,100,0.96,overcast clouds
516,Cockburn Town,TC,2021-08-13 18:27:11,21.46,-71.14,82.92,77,100,18.3,overcast clouds
517,Mehamn,NO,2021-08-13 18:29:53,71.04,27.85,51.98,92,94,13.4,overcast clouds
518,Richards Bay,ZA,2021-08-13 18:29:54,-28.78,32.04,61.86,58,98,10.13,overcast clouds
519,Pulivendla,IN,2021-08-13 18:29:54,14.42,78.23,79.43,72,100,3.98,overcast clouds
520,Culpeper,US,2021-08-13 18:29:54,38.5,-77.97,98.8,46,1,5.75,clear sky
521,Middelburg,ZA,2021-08-13 18:29:54,-25.78,29.46,44.37,83,93,23.64,overcast clouds
522,Gaoual,GN,2021-08-13 18:29:55,11.75,-13.2,77.85,89,100,5.5,moderate rain
523,Ferrol,ES,2021-08-13 18:29:55,43.48,-8.24,82.65,76,2,6.15,clear sky
524,Puerto Penasco,MX,2021-08-13 18:29:23,31.32,-113.53,86.92,81,54,17.0,broken clouds
525,Kismayo,SO,2021-08-13 18:29:55,-0.36,42.55,76.32,86,66,16.08,broken clouds
526,Danielskuil,ZA,2021-08-13 18:29:56,-28.19,23.54,46.45,38,90,7.58,overcast clouds
527,Kimbe,PG,2021-08-13 18:29:56,-5.55,150.14,73.08,92,93,3.94,overcast clouds
528,Manaure,CO,2021-08-13 18:29:56,11.78,-72.44,91.29,49,37,13.67,scattered clouds
529,Ajmer,IN,2021-08-13 18:29:56,26.45,74.63,82.8,58,100,13.91,overcast clouds
530,Chokwe,MZ,2021-08-13 18:29:57,-24.53,32.98,64.6,75,100,13.69,light rain
531,Jaque,PA,2021-08-13 18:29:57,7.52,-78.17,79.3,84,100,5.93,light rain
532,Boyolangu,ID,2021-08-13 18:29:57,-8.12,111.89,73.51,93,55,2.1,broken clouds
533,Zemlyansk,RU,2021-08-13 18:29:58,51.9,38.73,69.44,52,100,8.28,overcast clouds
534,Obigarm,TJ,2021-08-13 18:29:58,38.72,69.71,67.91,26,2,0.4,clear sky
535,Kristiansund,NO,2021-08-13 18:29:58,63.11,7.73,62.65,67,0,4.61,clear sky
536,Arkhara,RU,2021-08-13 18:29:59,49.42,130.08,60.28,82,76,2.39,broken clouds
537,Iisalmi,FI,2021-08-13 18:29:59,63.56,27.19,68.02,77,60,3.85,broken clouds
538,Mpika,ZM,2021-08-13 18:29:59,-11.83,31.45,61.02,36,0,4.65,clear sky
539,Coahuayana,MX,2021-08-13 18:29:59,18.73,-103.68,85.48,60,99,4.09,overcast clouds
540,Grajau,BR,2021-08-13 18:25:11,-5.82,-46.14,99.68,20,17,6.53,few clouds
541,Okhotsk,RU,2021-08-13 18:30:00,59.38,143.3,54.54,93,12,1.16,few clouds
542,Brigantine,US,2021-08-13 18:30:01,39.41,-74.36,98.29,64,1,0.0,clear sky
543,Talaya,RU,2021-08-13 18:30:02,61.38,152.75,61.77,78,82,1.83,broken clouds
544,Kapoeta,SS,2021-08-13 18:30:03,4.77,33.59,73.72,75,81,5.08,broken clouds
545,Westport,US,2021-08-13 18:30:04,41.14,-73.36,98.28,59,1,1.01,clear sky
546,Orlovskiy,RU,2021-08-13 18:30:05,46.87,42.06,73.4,78,100,15.77,overcast clouds
547,Hobyo,SO,2021-08-13 18:30:06,5.35,48.53,76.64,87,100,26.4,overcast clouds
548,Belaya Gora,RU,2021-08-13 18:30:06,68.53,146.42,50.22,64,100,12.5,overcast clouds
549,Mount Gambier,AU,2021-08-13 18:27:01,-37.83,140.77,46.31,100,75,8.05,broken clouds
550,Hellin,ES,2021-08-13 18:30:07,38.51,-1.7,98.38,35,85,3.74,overcast clouds
551,Brasileia,BR,2021-08-13 18:30:07,-11.02,-68.75,82.85,44,0,8.05,clear sky
552,Freilassing,DE,2021-08-13 18:30:07,47.85,12.98,80.69,69,20,3.44,few clouds
553,Wasilla,US,2021-08-13 18:30:08,61.58,-149.44,56.93,92,90,0.0,overcast clouds
554,Santa Lucia,ES,2021-08-13 18:30:08,27.91,-15.54,71.76,65,20,28.77,few clouds
555,Vanimo,PG,2021-08-13 18:30:08,-2.67,141.3,76.59,91,100,5.64,overcast clouds
556,Usak,TR,2021-08-13 18:30:08,38.5,29.42,67.87,48,0,13.18,clear sky
557,Flinders,AU,2021-08-13 18:30:09,-34.58,150.86,49.05,79,0,1.01,clear sky
558,Niquelandia,BR,2021-08-13 18:25:43,-14.47,-48.46,94.86,14,3,3.74,clear sky
559,Cayenne,GF,2021-08-13 18:28:21,4.93,-52.33,79.09,86,75,1.01,broken clouds
560,Anamur,TR,2021-08-13 18:30:09,36.08,32.84,84.22,48,0,8.9,clear sky
561,Santa Cruz,BO,2021-08-13 18:27:41,-17.8,-63.17,76.46,27,75,13.8,broken clouds
562,Opole,PL,2021-08-13 18:30:09,50.5,18.0,77.58,60,100,3.89,overcast clouds
563,Temerloh,MY,2021-08-13 18:30:10,3.45,102.42,74.95,92,100,2.21,overcast clouds
564,Wenling,CN,2021-08-13 18:30:10,28.37,121.36,80.62,94,100,15.26,overcast clouds
565,Berlevag,NO,2021-08-13 18:30:10,70.86,29.09,52.09,92,100,8.32,overcast clouds
566,Pentecoste,BR,2021-08-13 18:28:05,-3.79,-39.27,79.68,26,51,8.16,broken clouds
567,Mahuva,IN,2021-08-13 18:30:11,21.09,71.76,80.42,79,100,12.01,overcast clouds
568,Floro,NO,2021-08-13 18:30:11,61.6,5.03,63.3,77,90,10.36,overcast clouds
569,Maiduguri,NG,2021-08-13 18:30:11,11.85,13.16,80.19,71,97,7.07,light rain
570,Balkhash,KZ,2021-08-13 18:30:11,46.84,74.98,61.05,68,100,19.04,overcast clouds
571,Biak,ID,2021-08-13 18:30:12,-0.91,122.88,75.15,88,80,8.14,broken clouds
572,Marsa Matruh,EG,2021-08-13 18:30:12,31.35,27.25,79.48,78,0,9.89,clear sky
573,Yangjiang,CN,2021-08-13 18:30:12,21.85,111.97,80.42,89,100,5.64,overcast clouds
574,Grand Gaube,MU,2021-08-13 18:26:39,-20.01,57.66,68.38,84,12,3.0,few clouds
575,Vredendal,ZA,2021-08-13 18:30:13,-31.67,18.5,55.0,38,0,10.69,clear sky
576,Roros,NO,2021-08-13 18:30:13,62.57,11.38,62.44,55,75,5.75,broken clouds
577,Port Lincoln,AU,2021-08-13 18:30:13,-34.73,135.87,50.31,86,0,6.67,clear sky
578,Varzea Da Palma,BR,2021-08-13 18:30:14,-17.6,-44.73,87.73,21,6,5.79,clear sky
579,Boysun,UZ,2021-08-13 18:30:14,38.21,67.2,71.24,29,0,9.84,clear sky
580,Taperoa,BR,2021-08-13 18:30:14,-7.21,-36.83,87.22,30,70,13.35,broken clouds
581,Orlik,RU,2021-08-13 18:30:15,52.52,99.82,52.61,90,13,1.92,few clouds
582,Mana,GF,2021-08-13 18:30:15,5.66,-53.78,83.32,77,19,11.88,few clouds
583,Inuvik,CA,2021-08-13 18:30:15,68.35,-133.72,43.66,93,90,9.22,moderate rain
584,Abakaliki,NG,2021-08-13 18:30:15,6.32,8.12,76.3,84,43,4.72,scattered clouds
585,Poquoson,US,2021-08-13 18:30:16,37.12,-76.35,97.09,62,20,11.5,few clouds
586,Santo Tomas,PH,2021-08-13 18:30:16,14.11,121.14,80.85,91,67,0.98,broken clouds
587,Excelsior Springs,US,2021-08-13 18:30:16,39.34,-94.23,82.94,57,1,4.61,clear sky
588,Visnes,NO,2021-08-13 18:30:17,59.36,5.22,60.85,82,75,8.05,broken clouds
589,Rockhampton,AU,2021-08-13 18:30:05,-23.38,150.5,58.89,88,0,8.05,clear sky
590,Bandar,ID,2021-08-13 18:27:49,2.05,99.75,74.23,97,90,2.21,overcast clouds
591,Acarau,BR,2021-08-13 18:25:28,-2.89,-40.12,85.5,58,14,20.29,few clouds
592,Sao Raimundo Das Mangabeiras,BR,2021-08-13 18:30:17,-7.02,-45.48,98.44,20,47,6.42,scattered clouds
593,Sebinkarahisar,TR,2021-08-13 18:30:17,40.29,38.42,58.14,79,100,5.77,overcast clouds
594,Darhan,MN,2021-08-13 18:30:18,49.49,105.92,60.4,94,100,0.89,overcast clouds
595,Ambilobe,MG,2021-08-13 18:30:18,-13.2,49.05,70.48,84,0,4.83,clear sky
596,Sibu,MY,2021-08-13 18:30:18,2.3,111.82,75.51,100,40,0.0,scattered clouds
597,Senanga,ZM,2021-08-13 18:30:18,-16.12,23.27,69.08,17,0,4.94,clear sky
598,Hofn,IS,2021-08-13 18:30:19,64.25,-15.21,53.62,87,75,3.44,broken clouds
599,Mattawa,US,2021-08-13 18:30:19,46.74,-119.9,89.56,15,6,3.27,clear sky
600,Tamsweg,AT,2021-08-13 18:30:19,47.13,13.81,73.76,84,100,2.86,overcast clouds
601,Salta,AR,2021-08-13 18:30:20,-24.79,-65.41,63.19,32,0,8.01,clear sky
602,Kailua,US,2021-08-13 18:30:20,21.4,-157.74,82.38,73,75,13.8,broken clouds
603,Karratha,AU,2021-08-13 18:30:20,-20.74,116.85,64.81,34,0,11.56,clear sky
604,Melo,UY,2021-08-13 18:30:20,-32.37,-54.18,55.8,74,100,9.75,overcast clouds
605,Hemsedal,NO,2021-08-13 18:30:21,60.86,8.55,56.32,80,97,2.01,light rain
606,Chicama,PE,2021-08-13 18:30:21,-7.84,-79.15,63.14,60,91,10.29,overcast clouds
607,Karachi,PK,2021-08-13 18:30:21,24.91,67.08,82.22,65,75,13.8,smoke
608,Sainte-Thecle,CA,2021-08-13 18:30:21,46.82,-72.5,84.79,46,41,14.56,scattered clouds
609,Luena,AO,2021-08-13 18:30:22,-11.78,19.92,61.81,17,0,4.21,clear sky
610,Koungou,YT,2021-08-13 18:30:22,-12.73,45.2,74.91,83,0,6.91,clear sky
611,Makasar,ID,2021-08-13 18:30:22,-5.14,119.42,78.85,61,20,11.5,few clouds
612,La Ronge,CA,2021-08-13 18:30:22,55.1,-105.28,71.85,46,40,5.75,scattered clouds
613,Birjand,IR,2021-08-13 18:30:23,32.87,59.22,79.27,15,0,0.0,clear sky
614,Koppang,NO,2021-08-13 18:30:23,61.57,11.06,56.35,93,100,6.53,overcast clouds
615,Novikovo,RU,2021-08-13 18:30:23,51.15,37.89,66.63,52,100,7.54,overcast clouds
616,La Ciotat,FR,2021-08-13 18:30:24,43.17,5.6,94.6,52,6,3.18,clear sky
617,Turiacu,BR,2021-08-13 18:30:24,-1.66,-45.37,78.53,92,100,7.23,overcast clouds
618,Luwuk,ID,2021-08-13 18:30:24,-0.95,122.79,76.12,91,91,6.08,overcast clouds
619,Meulaboh,ID,2021-08-13 18:30:25,4.14,96.13,74.25,96,100,5.14,light rain
620,Verkhoyansk,RU,2021-08-13 18:30:25,67.54,133.38,59.4,57,100,5.35,overcast clouds
621,Zayukovo,RU,2021-08-13 18:30:25,43.62,43.33,66.42,92,100,4.03,overcast clouds
622,Listvyagi,RU,2021-08-13 18:30:26,53.68,86.95,52.12,97,100,5.79,overcast clouds
623,Hokitika,NZ,2021-08-13 18:30:26,-42.72,170.97,51.8,78,100,16.37,overcast clouds
624,Kroya,ID,2021-08-13 18:30:26,-7.63,109.25,76.05,89,85,6.29,overcast clouds
625,Keningau,MY,2021-08-13 18:30:26,5.34,116.16,73.85,98,100,1.43,overcast clouds
626,Kendari,ID,2021-08-13 18:30:27,-3.94,122.5,72.64,95,15,3.67,few clouds
627,Kang,BW,2021-08-13 18:30:27,-23.68,22.79,57.15,25,4,4.52,clear sky
628,Hami,CN,2021-08-13 18:26:45,42.8,93.45,87.3,20,82,13.04,broken clouds
629,Benguela,AO,2021-08-13 18:30:27,-12.58,13.41,70.45,88,50,4.36,scattered clouds
630,Ivybridge,GB,2021-08-13 18:30:28,50.39,-3.92,67.46,87,10,10.92,clear sky
631,Ingham,US,2021-08-13 18:30:28,42.6,-84.38,83.05,60,40,8.05,scattered clouds
632,Kariba,ZW,2021-08-13 18:30:28,-16.52,28.8,71.02,32,0,5.46,clear sky
633,Benjamin Constant,BR,2021-08-13 18:30:28,-4.38,-70.03,82.53,78,75,4.61,broken clouds
634,Mabaruma,GY,2021-08-13 18:30:29,8.2,-59.78,87.8,70,40,18.41,scattered clouds
635,Eregli,TR,2021-08-13 18:30:29,37.51,34.05,71.1,52,85,8.68,overcast clouds
636,Kiyasovo,RU,2021-08-13 18:30:29,56.35,53.12,71.82,27,6,8.72,clear sky
637,Khuldabad,IN,2021-08-13 18:30:30,20.05,75.18,72.52,83,100,10.78,overcast clouds
638,Copala,MX,2021-08-13 18:30:30,16.65,-98.98,86.54,65,23,8.05,few clouds
639,Azangaro,PE,2021-08-13 18:30:30,-14.92,-70.22,60.53,14,0,8.28,clear sky
640,Staryy Nadym,RU,2021-08-13 18:30:31,65.61,72.68,57.18,97,100,4.9,overcast clouds
641,Bacolod,PH,2021-08-13 18:28:31,10.67,122.95,78.48,83,48,1.79,scattered clouds
642,Kudahuvadhoo,MV,2021-08-13 18:30:31,2.67,72.89,82.63,71,100,16.35,overcast clouds
643,Tatawin,TN,2021-08-13 18:30:31,32.93,10.45,99.48,36,5,10.07,clear sky
644,Youhao,CN,2021-08-13 18:30:32,47.87,128.83,54.36,96,5,1.59,clear sky
645,Lovozero,RU,2021-08-13 18:30:32,68.0,35.01,55.6,95,100,8.57,overcast clouds
646,Umm Lajj,SA,2021-08-13 18:30:32,25.02,37.27,91.09,46,0,8.57,clear sky
647,Coevorden,NL,2021-08-13 18:30:32,52.66,6.74,69.4,78,100,6.42,overcast clouds
648,Senigallia,IT,2021-08-13 18:30:33,43.71,13.22,87.28,66,26,4.61,scattered clouds
649,La Palma,US,2021-08-13 18:30:33,33.85,-118.05,98.11,60,20,1.99,few clouds
650,Vorukh,TJ,2021-08-13 18:30:33,39.85,70.58,65.41,44,6,4.56,clear sky
651,Elko,US,2021-08-13 18:30:34,41.0,-115.5,89.64,10,5,5.99,clear sky
652,Severnyy,RU,2021-08-13 18:30:34,50.68,36.55,69.84,56,0,6.71,clear sky
653,Antsohihy,MG,2021-08-13 18:30:34,-14.88,47.99,71.96,82,0,0.38,clear sky
654,Ostrov,RU,2021-08-13 18:30:35,57.34,28.35,60.53,79,89,6.55,overcast clouds
655,Caarapo,BR,2021-08-13 18:30:35,-22.63,-54.82,80.1,42,98,3.38,overcast clouds
656,Shuyskoye,RU,2021-08-13 18:30:35,59.37,41.03,57.4,83,100,13.38,overcast clouds
657,Chapleau,CA,2021-08-13 18:30:35,47.84,-83.4,62.69,59,75,8.05,broken clouds
658,Hohhot,CN,2021-08-13 18:30:36,40.81,111.65,61.09,77,20,4.47,few clouds
659,Bahia Blanca,AR,2021-08-13 18:30:36,-38.72,-62.27,61.86,32,0,13.51,clear sky
660,Christchurch,NZ,2021-08-13 18:27:56,-43.53,172.63,45.48,100,9,5.75,clear sky
661,General Teran,MX,2021-08-13 18:30:36,25.27,-99.68,95.86,30,0,8.21,clear sky
662,Luba,GQ,2021-08-13 18:30:37,3.46,8.55,77.92,82,24,3.94,few clouds
663,Sovetskiy,RU,2021-08-13 18:30:37,61.36,63.58,59.99,70,96,5.7,overcast clouds
664,Sakaraha,MG,2021-08-13 18:30:37,-22.9,44.53,60.37,67,0,4.92,clear sky
665,Sindou,BF,2021-08-13 18:30:38,10.67,-5.17,72.54,92,99,4.47,overcast clouds
666,Santa Isabel Do Rio Negro,BR,2021-08-13 18:30:38,-0.41,-65.02,84.36,64,100,2.86,light rain
667,Almeirim,BR,2021-08-13 18:30:38,-1.52,-52.58,81.86,84,61,4.03,broken clouds
668,Nemuro,JP,2021-08-13 18:30:39,43.32,145.57,56.3,75,86,6.35,overcast clouds
669,Nioro,GM,2021-08-13 18:30:39,13.35,-15.75,79.68,79,100,8.28,overcast clouds
670,Verkhnyaya Toyma,RU,2021-08-13 18:30:39,62.23,45.0,58.84,96,90,5.44,overcast clouds
671,Lamisahan,PH,2021-08-13 18:30:39,7.07,122.16,74.23,94,75,3.44,broken clouds
672,Kawambwa,ZM,2021-08-13 18:30:40,-9.79,29.08,65.77,26,0,2.46,clear sky
673,Paita,PE,2021-08-13 18:30:40,-5.09,-81.11,75.76,73,37,15.84,scattered clouds
674,Ostrovnoy,RU,2021-08-13 18:30:40,68.05,39.51,51.73,96,100,8.43,overcast clouds
675,Taranto,IT,2021-08-13 18:30:40,40.62,17.25,88.68,53,0,6.91,clear sky
676,Kidal,ML,2021-08-13 18:30:41,18.44,1.41,96.37,28,0,1.45,clear sky
677,Kaeo,NZ,2021-08-13 18:30:41,-35.1,173.78,48.33,96,93,4.72,overcast clouds
678,Buchanan,LR,2021-08-13 18:30:41,5.88,-10.05,77.34,75,100,11.52,overcast clouds
679,Iguape,BR,2021-08-13 18:30:42,-24.71,-47.56,61.54,94,100,14.38,overcast clouds
680,Lardos,GR,2021-08-13 18:30:42,36.09,28.02,89.42,64,0,9.69,clear sky
681,Margate,GB,2021-08-13 18:30:42,51.38,1.39,70.92,73,82,3.0,broken clouds
682,Yenagoa,NG,2021-08-13 18:30:43,4.92,6.26,76.03,83,16,4.83,few clouds
683,Axim,GH,2021-08-13 18:30:43,4.87,-2.24,76.42,78,100,8.37,overcast clouds
684,Lithakia,GR,2021-08-13 18:30:43,37.72,20.83,88.88,37,0,5.75,clear sky
685,Maragogi,BR,2021-08-13 18:30:43,-9.01,-35.22,76.19,73,8,10.67,clear sky
686,Port Keats,AU,2021-08-13 18:30:44,-14.25,129.55,72.41,38,0,9.4,clear sky
687,Nabire,ID,2021-08-13 18:30:44,-3.37,135.48,74.84,90,61,2.98,broken clouds
688,Arman,RU,2021-08-13 18:30:44,59.7,150.17,54.16,92,100,1.79,overcast clouds
689,Roberval,CA,2021-08-13 18:30:45,48.52,-72.23,84.65,83,75,6.91,broken clouds
690,Chalus,IR,2021-08-13 18:30:45,36.66,51.42,80.06,65,0,2.3,clear sky
691,Cuamba,MZ,2021-08-13 18:30:45,-14.8,36.54,74.14,33,56,3.94,broken clouds
692,Diapaga,BF,2021-08-13 18:30:46,12.07,1.79,73.27,93,100,3.85,overcast clouds
693,Manturovo,RU,2021-08-13 18:30:46,58.34,44.76,61.03,79,97,11.59,overcast clouds
694,Beaverlodge,CA,2021-08-13 18:30:46,55.22,-119.44,87.15,20,5,19.1,clear sky
695,Mato Verde,BR,2021-08-13 18:30:47,-15.4,-42.87,85.87,24,12,7.87,few clouds
696,Nizwa,OM,2021-08-13 18:30:47,22.93,57.53,93.06,35,100,6.38,overcast clouds
697,Torrevieja,ES,2021-08-13 18:30:47,37.98,-0.68,92.75,76,76,1.01,broken clouds
698,Nivala,FI,2021-08-13 18:30:48,63.92,24.97,64.69,82,8,3.53,clear sky
699,Mircea Voda,RO,2021-08-13 18:30:48,44.28,28.17,70.29,53,5,4.52,clear sky
700,Nevel,RU,2021-08-13 18:30:48,56.02,29.93,60.67,73,68,3.62,broken clouds
